"decada","nome","total_por_decada"
"1950","James","845821"
"1950","Michael","839312"
"1950","Robert","832110"
"1960","Michael","837068"
"1960","David","736709"
"1960","John","716364"
"1970","Michael","712793"
"1970","Jennifer","583688"
"1970","Christopher","478445"
"1980","Michael","668724"
"1980","Christopher","558407"
"1980","Jessica","471446"
"1990","Michael","464210"
"1990","Christopher","361223"
"1990","Matthew","352315"
"2000","Jacob","274165"
"2000","Michael","251189"
"2000","Joshua","232246"
"2010","Sophia","104441"
"2010","Emma","98776"
"2010","Isabella","96445"
